id,first_name,last_name,email,gender,ip_address
1,Konstantin,Bartkowiak,kbartkowiak0@google.com.hk,Male,120.64.240.182
2,Sally,Bavin,sbavin1@ocn.ne.jp,Genderqueer,16.217.243.235
3,Trudie,Willmott,twillmott2@cbsnews.com,Genderfluid,21.72.93.94
4,Freda,Clubb,fclubb3@instagram.com,Agender,57.158.100.187
5,Thadeus,Cogdon,tcogdon4@yale.edu,Bigender,186.107.123.216
6,Thorn,Tolman,ttolman5@geocities.jp,Genderqueer,76.253.214.15
7,Jacquetta,Gregol,jgregol6@ocn.ne.jp,Genderqueer,227.216.119.74
8,Enrique,Collington,ecollington7@arizona.edu,Polygender,165.247.31.142
9,Melva,Loader,mloader8@delicious.com,Polygender,11.161.27.31
10,Renate,Yanyushkin,ryanyushkin9@narod.ru,Genderqueer,29.77.138.127
11,Elvis,Silverton,esilvertona@dailymotion.com,Non-binary,241.247.19.35
12,Alberta,Leadstone,aleadstoneb@yahoo.co.jp,Genderfluid,66.117.142.29
13,Nestor,Stait,nstaitc@networkadvertising.org,Polygender,110.46.185.194
14,Chico,Oxnam,coxnamd@mapquest.com,Genderqueer,173.57.230.190
15,Carny,Velde,cveldee@woothemes.com,Genderqueer,223.216.72.241
16,Bryn,Tremmil,btremmilf@a8.net,Polygender,70.3.143.232
17,Kerry,Cridlan,kcridlang@reverbnation.com,Agender,150.101.111.247
18,Carline,O'Rowane,corowaneh@cam.ac.uk,Genderqueer,37.78.155.44
19,Ramona,Seville,rsevillei@google.com.hk,Agender,8.83.112.76
20,Corliss,Minshull,cminshullj@xinhuanet.com,Bigender,215.136.223.230
21,Thurston,Vivien,tvivienk@wikimedia.org,Male,38.41.181.151
22,Filide,Ranahan,franahanl@aol.com,Genderqueer,64.103.129.57
23,Cortney,Petrenko,cpetrenkom@nationalgeographic.com,Female,183.168.7.123
24,Kip,Davidov,kdavidovn@pen.io,Female,131.112.74.44
25,Brandyn,Grimsdell,bgrimsdello@baidu.com,Agender,73.21.91.198
26,Filia,Issacof,fissacofp@spiegel.de,Male,174.232.96.16
27,Ammamaria,Stickels,astickelsq@google.com.br,Genderqueer,124.198.249.11
28,Taylor,Wimbridge,twimbridger@geocities.com,Genderqueer,183.204.26.128
29,Boony,Sproston,bsprostons@dailymail.co.uk,Non-binary,115.123.77.217
30,Roosevelt,Primrose,rprimroset@nps.gov,Bigender,169.167.51.22
31,Alayne,Morilla,amorillau@technorati.com,Bigender,14.146.149.63
32,Bridgette,MacCague,bmaccaguev@google.cn,Male,2.76.163.197
33,Mufi,Draco,mdracow@github.com,Agender,170.63.165.211
34,Louis,Ingilson,lingilsonx@com.com,Male,100.33.184.47
35,Laura,Sergant,lserganty@google.cn,Polygender,252.112.3.156
36,Sampson,De Cruz,sdecruzz@tinyurl.com,Agender,127.77.110.234
37,Haywood,Matyashev,hmatyashev10@vk.com,Agender,147.160.144.183
38,Kerry,Borghese,kborghese11@nyu.edu,Genderqueer,113.117.81.167
39,Alain,Dufour,adufour12@dyndns.org,Genderqueer,32.66.159.84
40,Helenelizabeth,Rickasse,hrickasse13@narod.ru,Non-binary,14.199.47.23
41,Micheal,Dart,mdart14@list-manage.com,Non-binary,97.254.39.195
42,Berni,Wheeler,bwheeler15@rakuten.co.jp,Agender,83.10.125.237
43,Felice,Petegree,fpetegree16@answers.com,Female,89.72.136.54
44,Augy,Ormiston,aormiston17@ox.ac.uk,Bigender,138.200.124.142
45,Shea,Kynman,skynman18@hhs.gov,Female,40.185.48.231
46,Abrahan,Gronauer,agronauer19@cnbc.com,Male,200.191.85.21
47,Loree,Itzhaki,litzhaki1a@wordpress.org,Genderfluid,244.146.64.128
48,Lorianne,Dovidian,ldovidian1b@studiopress.com,Genderfluid,119.68.131.242
49,Mehetabel,Enright,menright1c@nytimes.com,Non-binary,133.93.255.10
50,Bryn,Verbeke,bverbeke1d@cbsnews.com,Genderqueer,151.85.30.63
51,Verne,Fairman,vfairman1e@harvard.edu,Non-binary,176.13.223.136
52,Avril,Dishmon,adishmon1f@indiegogo.com,Polygender,92.31.90.36
53,Sonja,Fordyce,sfordyce1g@dedecms.com,Polygender,171.76.33.228
54,Graig,Sichardt,gsichardt1h@google.pl,Male,32.109.223.152
55,Franklyn,Chasmoor,fchasmoor1i@elpais.com,Genderqueer,134.54.66.106
56,Filide,Riccard,friccard1j@canalblog.com,Female,161.221.106.80
57,Ulrike,Lermit,ulermit1k@ucoz.com,Genderfluid,26.235.12.235
58,Claire,Kilgannon,ckilgannon1l@shop-pro.jp,Non-binary,182.197.27.99
59,Cherye,Millis,cmillis1m@g.co,Polygender,8.89.223.224
60,Zollie,Gamblin,zgamblin1n@omniture.com,Agender,183.115.230.166
61,Anitra,Kilner,akilner1o@moonfruit.com,Genderqueer,169.11.151.189
62,Cristiano,Castellani,ccastellani1p@apple.com,Genderfluid,229.191.245.24
63,Celle,Mathe,cmathe1q@slideshare.net,Bigender,236.184.154.130
64,Hansiain,Twyford,htwyford1r@ustream.tv,Genderqueer,178.80.15.35
65,Jilleen,Huskinson,jhuskinson1s@symantec.com,Polygender,51.57.236.175
66,Torie,Druce,tdruce1t@tinypic.com,Polygender,244.194.2.234
67,Ira,Stollery,istollery1u@pbs.org,Male,91.167.167.215
68,Ashlen,Ellingsworth,aellingsworth1v@mozilla.com,Non-binary,105.171.7.164
69,Ollie,Searchwell,osearchwell1w@cnn.com,Bigender,24.113.37.5
70,Montgomery,Askin,maskin1x@t-online.de,Non-binary,222.123.86.83
71,Sybyl,Growden,sgrowden1y@ask.com,Agender,139.112.88.77
72,Walliw,Lalley,wlalley1z@google.pl,Genderfluid,96.17.214.127
73,Sherman,Shea,sshea20@alexa.com,Genderfluid,82.53.163.146
74,Elmo,Paulin,epaulin21@psu.edu,Male,17.119.52.253
75,Perkin,Theriot,ptheriot22@istockphoto.com,Genderfluid,78.228.154.231
76,Burtie,Hark,bhark23@marketwatch.com,Agender,202.189.36.172
77,Hillier,Beavon,hbeavon24@ocn.ne.jp,Genderqueer,233.180.68.153
78,Liam,Cato,lcato25@theguardian.com,Polygender,75.150.60.145
79,Kamila,De Filippi,kdefilippi26@apple.com,Female,56.148.133.201
80,Orelia,Kosiada,okosiada27@tamu.edu,Female,33.121.82.212
81,Anderea,Bonar,abonar28@xrea.com,Male,133.87.52.83
82,Alyss,Barlas,abarlas29@aboutads.info,Bigender,252.216.231.179
83,Robby,Ansty,ransty2a@weebly.com,Non-binary,146.199.225.191
84,Gayla,Millions,gmillions2b@etsy.com,Non-binary,57.25.144.249
85,Willi,Seedull,wseedull2c@redcross.org,Non-binary,101.73.67.151
86,Em,Boot,eboot2d@examiner.com,Male,65.151.188.31
87,Justina,Bentley,jbentley2e@cdbaby.com,Polygender,82.14.13.250
88,Caprice,Faircley,cfaircley2f@yellowbook.com,Genderqueer,179.224.203.230
89,Karna,Gencke,kgencke2g@scientificamerican.com,Agender,98.64.151.65
90,Melany,Anthiftle,manthiftle2h@apache.org,Female,90.225.242.125
91,Myles,Laidler,mlaidler2i@xrea.com,Genderfluid,54.58.60.244
92,Minette,Watsham,mwatsham2j@dailymotion.com,Bigender,5.161.134.245
93,Tatum,Iddiens,tiddiens2k@nifty.com,Agender,194.53.178.33
94,Marita,Bravey,mbravey2l@qq.com,Genderfluid,89.150.105.204
95,Hal,Demange,hdemange2m@ehow.com,Agender,163.101.86.186
96,Griffy,Jobes,gjobes2n@aboutads.info,Agender,97.57.22.124
97,Xenos,Drake,xdrake2o@nifty.com,Agender,50.94.87.55
98,Dana,Scobie,dscobie2p@joomla.org,Female,137.244.1.211
99,Lita,Lomasny,llomasny2q@newsvine.com,Polygender,251.115.6.58
100,Mareah,Phizakarley,mphizakarley2r@cdc.gov,Male,254.154.228.22
101,Katinka,Cramond,kcramond2s@angelfire.com,Bigender,37.0.82.174
102,Janna,Cadd,jcadd2t@woothemes.com,Female,203.112.144.169
103,Putnam,Halfacre,phalfacre2u@nhs.uk,Female,206.46.109.69
104,Renata,Longmire,rlongmire2v@ocn.ne.jp,Male,130.193.191.115
105,Toddy,Swigger,tswigger2w@scribd.com,Non-binary,28.66.66.224
106,Tomkin,Samwyse,tsamwyse2x@uol.com.br,Polygender,185.246.149.230
107,Veronike,Delacroux,vdelacroux2y@naver.com,Genderfluid,216.117.44.4
108,Faina,Schulke,fschulke2z@facebook.com,Female,47.183.124.96
109,Minda,Domel,mdomel30@msu.edu,Agender,115.65.1.144
110,Lucian,Warsap,lwarsap31@mozilla.com,Agender,62.248.3.228
111,Rora,Quince,rquince32@ezinearticles.com,Genderfluid,163.68.63.206
112,Carol,Faulconer,cfaulconer33@census.gov,Non-binary,191.108.251.254
113,Easter,Kirkup,ekirkup34@privacy.gov.au,Bigender,124.100.8.67
114,Truman,Feaver,tfeaver35@skyrock.com,Bigender,90.191.67.120
115,Cornelia,Lehr,clehr36@webeden.co.uk,Male,114.146.156.174
116,Brody,Castanyer,bcastanyer37@dion.ne.jp,Female,86.181.63.8
117,Caye,Whoolehan,cwhoolehan38@bandcamp.com,Bigender,213.194.200.103
118,Fidelity,Claypole,fclaypole39@sphinn.com,Polygender,0.235.17.148
119,Gaven,Doudny,gdoudny3a@cornell.edu,Genderfluid,232.48.221.135
120,Adolphus,Wason,awason3b@nationalgeographic.com,Non-binary,190.130.161.91
121,Jenn,Stevens,jstevens3c@netscape.com,Polygender,58.203.19.23
122,Shanie,Gilman,sgilman3d@senate.gov,Bigender,43.150.3.252
123,Dacey,Tripon,dtripon3e@cbsnews.com,Genderfluid,88.141.92.10
124,Nathanael,Addess,naddess3f@imgur.com,Polygender,81.62.181.79
125,Marcelia,Crisall,mcrisall3g@weebly.com,Female,131.38.244.218
126,Maxine,Southwell,msouthwell3h@paginegialle.it,Agender,253.22.202.204
127,Jessa,Tandy,jtandy3i@nba.com,Female,239.180.77.11
128,Channa,Zincke,czincke3j@php.net,Agender,144.119.21.103
129,Ashlin,Urien,aurien3k@bbc.co.uk,Polygender,18.190.213.100
130,Orly,Vuitton,ovuitton3l@fda.gov,Female,168.138.15.139
131,Enrika,Broadist,ebroadist3m@clickbank.net,Non-binary,177.156.136.154
132,Nissa,Phethean,nphethean3n@biglobe.ne.jp,Genderqueer,123.136.212.9
133,Dell,Alphonso,dalphonso3o@reddit.com,Genderfluid,127.76.11.209
134,Paulette,Pashe,ppashe3p@ycombinator.com,Non-binary,198.185.40.97
135,Mabelle,Mary,mmary3q@weebly.com,Non-binary,26.33.214.242
136,Bride,Franke,bfranke3r@sciencedaily.com,Female,63.71.209.144
137,Francois,Sunley,fsunley3s@slashdot.org,Male,13.115.195.136
138,Gallard,Gecke,ggecke3t@biblegateway.com,Genderfluid,217.43.199.196
139,Valencia,MacNaughton,vmacnaughton3u@godaddy.com,Polygender,75.58.6.12
140,Ancell,Dosdell,adosdell3v@edublogs.org,Bigender,217.74.88.81
141,Kissie,McKelvey,kmckelvey3w@tinyurl.com,Male,50.205.110.2
142,Rita,Sloley,rsloley3x@hexun.com,Male,161.205.107.203
143,Haskel,Gimlet,hgimlet3y@blogtalkradio.com,Genderqueer,213.134.216.220
144,Nehemiah,Desesquelle,ndesesquelle3z@vimeo.com,Male,49.170.204.48
145,Crysta,Lindores,clindores40@tumblr.com,Female,36.102.107.78
146,Ariella,Coetzee,acoetzee41@a8.net,Female,89.254.51.103
147,Kipp,Baumber,kbaumber42@sourceforge.net,Genderqueer,132.216.29.223
148,Alisun,Winspur,awinspur43@pcworld.com,Female,103.15.163.250
149,Arie,Symons,asymons44@csmonitor.com,Genderqueer,32.48.113.54
150,Corty,Galiford,cgaliford45@engadget.com,Non-binary,222.121.38.106
151,Cornell,Balhatchet,cbalhatchet46@ow.ly,Bigender,253.200.99.253
152,Valera,Lindenblatt,vlindenblatt47@telegraph.co.uk,Polygender,63.169.22.158
153,Frannie,Whooley,fwhooley48@sciencedirect.com,Genderfluid,25.181.243.174
154,Aime,Tripean,atripean49@adobe.com,Genderqueer,4.71.189.32
155,Mikey,Hane,mhane4a@devhub.com,Non-binary,161.114.231.158
156,Ines,Itchingham,iitchingham4b@hugedomains.com,Agender,10.206.152.248
157,Sibley,Sodo,ssodo4c@state.gov,Genderfluid,149.116.148.195
158,Saudra,Peirson,speirson4d@indiegogo.com,Genderfluid,182.117.64.31
159,Wildon,Godmar,wgodmar4e@ucoz.ru,Female,207.227.118.195
160,Zacherie,Jest,zjest4f@examiner.com,Male,189.128.1.190
161,Percival,Edgeon,pedgeon4g@blinklist.com,Genderfluid,208.9.215.224
162,Nessie,Struan,nstruan4h@google.co.uk,Genderfluid,6.196.120.90
163,Sindee,Ironside,sironside4i@sciencedaily.com,Male,97.197.119.221
164,Darrel,Devereux,ddevereux4j@newyorker.com,Bigender,184.84.92.190
165,Illa,Sauvan,isauvan4k@godaddy.com,Female,82.149.88.104
166,Natty,Swallwell,nswallwell4l@alexa.com,Genderfluid,197.101.19.186
167,Haily,Dwelly,hdwelly4m@boston.com,Bigender,57.178.85.246
168,Angelica,Franceschielli,afranceschielli4n@xrea.com,Male,215.160.137.130
169,Zacherie,Yeulet,zyeulet4o@ibm.com,Agender,105.1.210.192
170,Patrica,Yetton,pyetton4p@technorati.com,Genderfluid,101.117.120.107
171,Korie,Clemencon,kclemencon4q@e-recht24.de,Male,139.49.25.228
172,Celle,Maddison,cmaddison4r@howstuffworks.com,Polygender,141.154.157.164
173,Tiffie,McAllester,tmcallester4s@about.me,Genderfluid,169.169.48.211
174,Lorinda,Barnwille,lbarnwille4t@hp.com,Genderqueer,116.212.56.210
175,Jimmie,Longworth,jlongworth4u@php.net,Female,207.125.178.146
176,Sashenka,Burgwyn,sburgwyn4v@amazon.co.uk,Agender,36.182.126.162
177,Aubrette,Menichillo,amenichillo4w@posterous.com,Genderqueer,177.93.94.94
178,Elonore,Shall,eshall4x@uiuc.edu,Non-binary,43.68.174.24
179,Hillie,Antonov,hantonov4y@paginegialle.it,Genderfluid,122.162.113.80
180,Virgie,Penwarden,vpenwarden4z@hibu.com,Agender,1.228.209.69
181,Geralda,Rappa,grappa50@theglobeandmail.com,Female,148.152.160.41
182,Zelma,Pessel,zpessel51@accuweather.com,Bigender,122.42.171.61
183,Cristy,Sunock,csunock52@imdb.com,Non-binary,233.97.8.0
184,Rafaellle,Wynter,rwynter53@wikispaces.com,Agender,208.105.226.155
185,Bertram,Lemmers,blemmers54@webnode.com,Genderqueer,188.189.138.226
186,Samuel,Eakins,seakins55@hao123.com,Genderfluid,104.186.185.144
187,Edeline,Haugg,ehaugg56@blog.com,Genderfluid,251.175.247.170
188,Gipsy,Dilston,gdilston57@netvibes.com,Bigender,224.90.201.165
189,Marty,Brosh,mbrosh58@google.com.hk,Non-binary,238.242.32.103
190,Randa,Kerner,rkerner59@nbcnews.com,Male,236.15.104.165
191,Gerta,Konert,gkonert5a@gnu.org,Agender,225.16.54.251
192,Ham,Longfoot,hlongfoot5b@prlog.org,Male,132.0.9.251
193,Shirlene,MacGiffin,smacgiffin5c@about.com,Male,13.29.91.15
194,Bonnee,Bulley,bbulley5d@yale.edu,Genderqueer,65.10.199.114
195,Tades,Bogeys,tbogeys5e@networkadvertising.org,Polygender,0.111.73.181
196,Masha,Lipscomb,mlipscomb5f@exblog.jp,Female,107.122.80.207
197,Maddalena,Ghidelli,mghidelli5g@nih.gov,Male,23.3.83.73
198,Verne,Kubyszek,vkubyszek5h@mapy.cz,Genderfluid,150.220.182.239
199,Anjanette,Dufty,adufty5i@shinystat.com,Female,39.60.191.190
200,Trstram,M'Quharge,tmquharge5j@taobao.com,Genderfluid,86.241.164.45
201,Baryram,Josephy,bjosephy5k@biblegateway.com,Bigender,159.193.151.17
202,Saba,Maccaddie,smaccaddie5l@woothemes.com,Non-binary,174.87.72.198
203,Stan,Cornbill,scornbill5m@statcounter.com,Female,37.92.122.11
204,Cirillo,Newbigging,cnewbigging5n@dot.gov,Female,138.135.194.133
205,Fonzie,Waterworth,fwaterworth5o@t.co,Genderqueer,68.19.15.24
206,Jory,Moyle,jmoyle5p@mashable.com,Male,57.104.75.175
207,Auguste,Crumly,acrumly5q@ed.gov,Non-binary,214.202.113.174
208,Loraine,Sitwell,lsitwell5r@trellian.com,Non-binary,115.107.32.239
209,Raina,Goodie,rgoodie5s@springer.com,Polygender,65.224.141.186
210,Reta,Jiruca,rjiruca5t@adobe.com,Polygender,131.153.153.169
211,Jeanelle,Mixon,jmixon5u@wiley.com,Non-binary,159.219.223.157
212,Mareah,Allabarton,mallabarton5v@pcworld.com,Polygender,16.29.180.175
213,Ibby,Ernshaw,iernshaw5w@wordpress.org,Bigender,154.113.160.216
214,Stirling,Inglis,singlis5x@answers.com,Polygender,0.144.181.80
215,Hailey,Corrett,hcorrett5y@theatlantic.com,Non-binary,170.68.210.61
216,Lavina,Moulsdale,lmoulsdale5z@cafepress.com,Genderfluid,66.234.36.196
217,Felecia,Astill,fastill60@rambler.ru,Agender,229.173.163.23
218,Blythe,Gurry,bgurry61@rakuten.co.jp,Agender,112.19.217.211
219,Merrilee,Warden,mwarden62@java.com,Genderfluid,212.113.137.176
220,Charlotte,Boshard,cboshard63@psu.edu,Male,144.189.123.58
221,Dolli,Dulinty,ddulinty64@wikipedia.org,Bigender,196.169.10.193
222,Morton,Burberow,mburberow65@mashable.com,Male,206.179.4.48
223,Jehanna,Ingledew,jingledew66@cam.ac.uk,Female,39.138.8.167
224,Lindon,Sexten,lsexten67@nature.com,Agender,138.198.167.69
225,Ranna,Claige,rclaige68@google.ru,Genderfluid,99.3.36.65
226,Ax,Spittle,aspittle69@reverbnation.com,Female,54.80.195.55
227,Doria,Davidof,ddavidof6a@pen.io,Genderfluid,160.43.172.22
228,Dannye,Trusse,dtrusse6b@oakley.com,Male,110.154.8.2
229,Dex,Edmons,dedmons6c@ed.gov,Bigender,207.48.111.102
230,Flss,Gathwaite,fgathwaite6d@bing.com,Polygender,198.3.230.97
231,Leeanne,Drohun,ldrohun6e@wunderground.com,Male,236.61.104.42
232,Susanetta,McKomb,smckomb6f@blog.com,Female,218.55.171.64
233,Walther,Rideout,wrideout6g@tinypic.com,Polygender,93.227.96.123
234,Pam,Barkly,pbarkly6h@jimdo.com,Male,70.64.195.150
235,Ruggiero,Abry,rabry6i@1688.com,Genderqueer,35.175.91.75
236,Ophelia,Windridge,owindridge6j@g.co,Genderqueer,88.237.154.117
237,Fletch,Demcik,fdemcik6k@xrea.com,Non-binary,149.92.62.71
238,Billie,Trittam,btrittam6l@t-online.de,Agender,182.80.209.131
239,Freddi,Gambell,fgambell6m@wufoo.com,Male,12.232.171.82
240,Jamaal,Larne,jlarne6n@mtv.com,Genderfluid,165.33.138.28
241,Hedwig,Bogies,hbogies6o@prnewswire.com,Female,194.40.176.12
242,Shaun,Cashell,scashell6p@mac.com,Non-binary,205.118.176.128
243,Royal,Abbotson,rabbotson6q@so-net.ne.jp,Agender,47.198.140.29
244,Walt,Hunstone,whunstone6r@drupal.org,Genderqueer,14.217.39.181
245,Fabe,Laste,flaste6s@tamu.edu,Female,35.241.17.203
246,Toni,Gapper,tgapper6t@so-net.ne.jp,Genderfluid,48.6.156.37
247,Lorena,Greson,lgreson6u@com.com,Agender,225.123.218.46
248,Cord,Jesper,cjesper6v@utexas.edu,Agender,45.57.211.240
249,Arlen,Carne,acarne6w@storify.com,Female,56.77.33.129
250,Marigold,Garey,mgarey6x@hubpages.com,Polygender,82.100.135.182
251,Tommy,Dufton,tdufton6y@ustream.tv,Agender,49.108.6.68
252,Hansiain,McGourty,hmcgourty6z@guardian.co.uk,Genderqueer,110.43.211.42
253,Conni,Davydoch,cdavydoch70@opera.com,Non-binary,52.175.145.74
254,Bria,Bartosik,bbartosik71@cornell.edu,Polygender,33.197.185.0
255,Shay,Laverty,slaverty72@shareasale.com,Genderfluid,83.208.107.234
256,Carney,Brimner,cbrimner73@homestead.com,Genderfluid,215.236.207.137
257,Beniamino,Ferry,bferry74@moonfruit.com,Female,210.26.204.155
258,Caryl,Krauss,ckrauss75@accuweather.com,Bigender,158.48.34.97
259,Niles,Jaulme,njaulme76@elpais.com,Agender,5.72.63.134
260,Aksel,Levane,alevane77@macromedia.com,Polygender,83.208.30.107
261,Bank,Truckett,btruckett78@wiley.com,Male,92.206.241.201
262,Sukey,Axleby,saxleby79@columbia.edu,Genderqueer,71.97.148.2
263,Lana,Lagde,llagde7a@1688.com,Male,30.238.188.126
264,Theodora,Rutigliano,trutigliano7b@jiathis.com,Genderfluid,198.159.142.32
265,Reinaldos,Cadigan,rcadigan7c@newyorker.com,Male,88.31.96.221
266,Gilbert,Jannex,gjannex7d@independent.co.uk,Genderfluid,27.61.47.214
267,Dev,McAloren,dmcaloren7e@bloglovin.com,Bigender,255.54.225.183
268,Faye,Minshull,fminshull7f@macromedia.com,Polygender,206.250.17.106
269,Issy,Blackman,iblackman7g@google.co.uk,Polygender,217.180.137.188
270,Hewet,Antonietti,hantonietti7h@csmonitor.com,Genderqueer,5.21.149.101
271,Orella,Wharlton,owharlton7i@npr.org,Bigender,196.226.188.223
272,Stacey,Cheek,scheek7j@hhs.gov,Female,29.159.165.33
273,Lina,Arends,larends7k@sfgate.com,Genderqueer,4.226.31.76
274,Chalmers,Besant,cbesant7l@narod.ru,Male,110.29.77.250
275,Paige,Heijne,pheijne7m@apache.org,Genderqueer,25.8.23.114
276,Orelie,Gors,ogors7n@google.de,Non-binary,73.9.192.99
277,Eadmund,Clears,eclears7o@addthis.com,Genderfluid,123.38.68.216
278,Rinaldo,Raisbeck,rraisbeck7p@dion.ne.jp,Non-binary,7.250.93.40
279,Deborah,Simonnot,dsimonnot7q@thetimes.co.uk,Non-binary,62.160.235.229
280,Celestina,Riddock,criddock7r@1und1.de,Male,150.216.201.154
281,Micky,Drohane,mdrohane7s@paypal.com,Genderfluid,13.185.224.125
282,Hartley,Amberson,hamberson7t@sakura.ne.jp,Non-binary,183.106.62.215
283,Papagena,Ringer,pringer7u@mapy.cz,Male,118.196.105.195
284,Marinna,Battle,mbattle7v@gizmodo.com,Non-binary,13.187.223.9
285,Egon,Josh,ejosh7w@craigslist.org,Male,202.159.114.123
286,Ernestine,Quainton,equainton7x@ox.ac.uk,Agender,3.66.100.84
287,Neel,Macci,nmacci7y@miibeian.gov.cn,Female,37.106.5.232
288,Lu,Josselsohn,ljosselsohn7z@telegraph.co.uk,Genderfluid,26.131.68.88
289,Marthena,A'Barrow,mabarrow80@webmd.com,Non-binary,87.199.166.2
290,Sherry,Bratt,sbratt81@facebook.com,Genderqueer,40.152.114.115
291,Eleonore,Bowhay,ebowhay82@opensource.org,Male,210.102.114.167
292,Luelle,Foux,lfoux83@hhs.gov,Agender,32.228.240.28
293,Chancey,Burrage,cburrage84@census.gov,Polygender,228.17.33.163
294,Olin,Morforth,omorforth85@xrea.com,Polygender,115.17.141.180
295,Barbabas,Mulhill,bmulhill86@google.nl,Genderqueer,82.193.80.157
296,Valentin,Capner,vcapner87@weibo.com,Non-binary,28.106.98.105
297,Evey,Mundow,emundow88@rambler.ru,Female,215.245.182.50
298,Cherrita,Mayor,cmayor89@umn.edu,Male,4.242.99.255
299,Eduard,Pimm,epimm8a@surveymonkey.com,Male,221.17.219.126
300,Jedediah,Spillett,jspillett8b@geocities.com,Genderqueer,214.78.57.1
301,Maud,Simmgen,msimmgen8c@google.pl,Bigender,214.70.95.158
302,Brunhilde,Deeson,bdeeson8d@seesaa.net,Female,169.38.60.158
303,Bertram,Swaton,bswaton8e@oakley.com,Genderqueer,180.66.209.178
304,Elmira,Backs,ebacks8f@rambler.ru,Genderqueer,49.36.121.58
305,Maisie,Ettritch,mettritch8g@nature.com,Genderqueer,48.242.164.32
306,Harlen,Harmston,hharmston8h@mac.com,Bigender,94.71.69.129
307,Abigail,Scowcroft,ascowcroft8i@imgur.com,Genderfluid,0.154.255.38
308,Jayme,McTeer,jmcteer8j@marketwatch.com,Non-binary,153.216.181.232
309,Cherianne,Stamper,cstamper8k@wunderground.com,Male,204.250.137.116
310,Hagan,Blennerhassett,hblennerhassett8l@nbcnews.com,Bigender,74.183.223.242
311,Sharron,Smitten,ssmitten8m@infoseek.co.jp,Non-binary,204.94.5.50
312,Kassandra,Deeman,kdeeman8n@php.net,Non-binary,20.92.106.10
313,Wakefield,Tembridge,wtembridge8o@ocn.ne.jp,Female,186.145.237.57
314,Harvey,Brocking,hbrocking8p@phpbb.com,Genderfluid,147.167.91.229
315,Editha,Bloxland,ebloxland8q@hibu.com,Female,150.40.75.3
316,Daisie,Brendel,dbrendel8r@bing.com,Agender,215.193.234.134
317,Corney,Beastall,cbeastall8s@xinhuanet.com,Polygender,204.219.9.129
318,Reese,Versey,rversey8t@ycombinator.com,Polygender,200.133.30.138
319,Aveline,Callaghan,acallaghan8u@hhs.gov,Agender,164.241.48.251
320,Pierre,Darlasson,pdarlasson8v@walmart.com,Male,153.99.29.53
321,Allina,Sherman,asherman8w@shinystat.com,Female,121.107.84.192
322,Vick,O'Neal,voneal8x@1und1.de,Bigender,214.177.38.207
323,Babita,Strete,bstrete8y@wordpress.com,Polygender,175.205.72.164
324,Berty,Hyman,bhyman8z@ovh.net,Male,13.74.55.99
325,Gunther,Sharp,gsharp90@e-recht24.de,Female,76.132.24.46
326,Kelcie,Satchell,ksatchell91@tumblr.com,Non-binary,223.30.213.216
327,Nero,Liquorish,nliquorish92@techcrunch.com,Genderqueer,96.148.107.77
328,Elbertine,Stronghill,estronghill93@sfgate.com,Non-binary,151.208.195.118
329,Ilse,Westphalen,iwestphalen94@squidoo.com,Male,20.43.152.77
330,Arvy,Jubert,ajubert95@purevolume.com,Non-binary,197.18.74.176
331,Wrennie,Burgum,wburgum96@lulu.com,Polygender,119.7.202.11
332,Carrissa,Manuaud,cmanuaud97@behance.net,Male,10.216.111.27
333,Anne,Giabucci,agiabucci98@msu.edu,Non-binary,237.89.241.148
334,Datha,Wasiela,dwasiela99@omniture.com,Genderfluid,114.223.203.29
335,Oliy,Apperley,oapperley9a@sina.com.cn,Non-binary,112.196.181.113
336,Jessa,Cridge,jcridge9b@sourceforge.net,Genderfluid,207.195.183.162
337,Virge,McElvine,vmcelvine9c@boston.com,Non-binary,89.105.32.8
338,Adolphus,Whilder,awhilder9d@chicagotribune.com,Bigender,237.124.137.155
339,Libby,MacNaughton,lmacnaughton9e@google.ru,Genderqueer,215.27.227.100
340,Chucho,Diaper,cdiaper9f@princeton.edu,Bigender,183.94.88.138
341,Bailie,Kearton,bkearton9g@nydailynews.com,Female,115.150.120.197
342,Maxie,Baldick,mbaldick9h@ocn.ne.jp,Female,96.43.165.199
343,Sallyann,O'Griffin,sogriffin9i@360.cn,Agender,166.50.2.134
344,Darla,Haylock,dhaylock9j@163.com,Bigender,91.150.250.154
345,Ellyn,Gildersleaves,egildersleaves9k@about.me,Agender,53.157.90.227
346,Valerye,Sharrock,vsharrock9l@addtoany.com,Genderqueer,225.11.60.198
347,Caro,Kynder,ckynder9m@gravatar.com,Polygender,172.227.106.107
348,Lorinda,Lillistone,llillistone9n@istockphoto.com,Non-binary,144.136.120.89
349,Merna,Kibblewhite,mkibblewhite9o@blogspot.com,Polygender,190.133.79.73
350,Winonah,Parnham,wparnham9p@pinterest.com,Non-binary,70.44.128.213
351,Jemmy,Asprey,jasprey9q@reference.com,Bigender,42.186.96.243
352,Kyle,Miche,kmiche9r@cocolog-nifty.com,Non-binary,76.167.154.94
353,Mead,Gethin,mgethin9s@ted.com,Male,217.43.237.145
354,Merrie,Skelbeck,mskelbeck9t@admin.ch,Polygender,131.48.202.114
355,Leupold,Calvie,lcalvie9u@trellian.com,Genderfluid,234.64.6.162
356,Ilyse,Coslett,icoslett9v@goo.ne.jp,Genderfluid,175.83.145.29
357,Hadria,Betz,hbetz9w@desdev.cn,Male,72.82.241.23
358,Correna,Vannet,cvannet9x@linkedin.com,Genderqueer,82.216.176.224
359,Cord,Mouncey,cmouncey9y@tuttocitta.it,Genderqueer,9.40.160.153
360,Leanor,Mathou,lmathou9z@virginia.edu,Genderfluid,234.212.180.180
361,Tonya,Gowanson,tgowansona0@shareasale.com,Genderqueer,90.234.196.211
362,Byram,Abdon,babdona1@indiatimes.com,Non-binary,21.165.188.7
363,Alan,Topaz,atopaza2@chicagotribune.com,Genderfluid,54.221.59.147
364,Lorelle,Gisburne,lgisburnea3@angelfire.com,Non-binary,199.174.83.181
365,Kamillah,Restieaux,krestieauxa4@google.pl,Non-binary,53.230.230.88
366,Valle,Mouncey,vmounceya5@feedburner.com,Agender,158.191.59.13
367,Lyn,Comley,lcomleya6@foxnews.com,Non-binary,90.36.13.109
368,Oran,Dies,odiesa7@usnews.com,Genderfluid,219.218.221.64
369,Lauritz,Cake,lcakea8@acquirethisname.com,Genderqueer,254.103.66.199
370,Anny,Stovin,astovina9@deviantart.com,Female,147.135.216.245
371,Neila,Karpeev,nkarpeevaa@paypal.com,Polygender,70.102.164.39
372,Bernete,Clubb,bclubbab@bbb.org,Non-binary,148.196.142.157
373,Emlen,Swettenham,eswettenhamac@ihg.com,Female,199.170.203.147
374,Dominique,Bowie,dbowiead@biglobe.ne.jp,Female,82.190.127.158
375,Tori,Leyman,tleymanae@ox.ac.uk,Bigender,6.12.139.143
376,Fan,Thowes,fthowesaf@apple.com,Female,124.45.110.175
377,Emera,Speers,espeersag@google.com.hk,Female,42.196.50.22
378,Cymbre,Coche,ccocheah@dailymotion.com,Bigender,245.7.166.239
379,Barris,Drynan,bdrynanai@etsy.com,Polygender,149.213.43.233
380,Diarmid,Maryska,dmaryskaaj@adobe.com,Male,6.129.167.82
381,Maureen,Branni,mbranniak@istockphoto.com,Male,83.186.68.6
382,Vergil,Feehery,vfeeheryal@dropbox.com,Genderqueer,82.173.106.103
383,Jessi,Wilman,jwilmanam@ehow.com,Male,3.223.124.94
384,Aluino,Cardenoso,acardenosoan@ucla.edu,Agender,207.91.21.118
385,Emilio,Lyosik,elyosikao@google.co.uk,Polygender,124.147.168.252
386,Shamus,Story,sstoryap@jimdo.com,Agender,92.82.148.153
387,Beauregard,Van Niekerk,bvanniekerkaq@netvibes.com,Non-binary,175.38.108.85
388,Janna,Gimeno,jgimenoar@opensource.org,Polygender,66.228.8.53
389,Carolan,Smallsman,csmallsmanas@issuu.com,Female,37.18.195.91
390,Laverna,Brumham,lbrumhamat@tumblr.com,Male,10.108.145.198
391,Sam,Quickenden,squickendenau@unicef.org,Female,85.39.88.19
392,Jenn,Steynor,jsteynorav@businesswire.com,Female,32.236.250.148
393,Almeta,Torre,atorreaw@ustream.tv,Genderfluid,0.184.240.61
394,Andrei,Lafflina,alafflinaax@cargocollective.com,Genderfluid,78.171.116.139
395,Shermie,Perone,speroneay@senate.gov,Polygender,246.23.53.222
396,Renault,Dionisi,rdionisiaz@princeton.edu,Male,53.25.255.200
397,Lenka,Lysaght,llysaghtb0@amazon.co.jp,Polygender,168.91.20.242
398,Maxy,Mardoll,mmardollb1@army.mil,Genderfluid,200.91.246.143
399,Mina,Standbrook,mstandbrookb2@ow.ly,Genderfluid,126.95.59.111
400,Rickie,Josefs,rjosefsb3@businesswire.com,Agender,74.72.253.34
401,Julienne,Dignall,jdignallb4@exblog.jp,Non-binary,7.60.14.230
402,Byrann,Novak,bnovakb5@sakura.ne.jp,Agender,55.208.73.84
403,Lexi,Feild,lfeildb6@usda.gov,Male,186.47.83.128
404,Brnaby,Plevey,bpleveyb7@virginia.edu,Polygender,110.110.227.57
405,Tammy,Gomme,tgommeb8@mozilla.org,Bigender,109.48.194.77
406,Diann,Sloper,dsloperb9@tinypic.com,Male,22.99.33.225
407,Jodie,Coultas,jcoultasba@bravesites.com,Polygender,162.173.235.0
408,Sydney,Normanville,snormanvillebb@barnesandnoble.com,Non-binary,235.24.129.107
409,Ivie,Sydry,isydrybc@photobucket.com,Polygender,15.199.59.15
410,Zorah,Lunn,zlunnbd@cocolog-nifty.com,Non-binary,71.200.125.9
411,Ruthann,Deinert,rdeinertbe@surveymonkey.com,Polygender,235.149.34.71
412,Ania,Lant,alantbf@storify.com,Polygender,13.106.165.59
413,Gianni,Grellis,ggrellisbg@joomla.org,Genderqueer,108.231.82.35
414,Clo,Berkely,cberkelybh@hubpages.com,Female,44.40.181.117
415,Rosabelle,Flacknoe,rflacknoebi@opensource.org,Genderqueer,202.193.252.232
416,Gabriellia,McElwee,gmcelweebj@indiatimes.com,Polygender,136.58.108.130
417,Werner,Lafee,wlafeebk@com.com,Agender,243.146.226.200
418,Delainey,Aldrich,daldrichbl@berkeley.edu,Bigender,116.12.28.254
419,Miguela,Andriessen,mandriessenbm@webmd.com,Female,192.172.142.42
420,Noelani,Astlatt,nastlattbn@mozilla.com,Male,66.104.39.239
421,Riley,Smoote,rsmootebo@utexas.edu,Genderqueer,118.64.230.19
422,Joseph,Bynert,jbynertbp@auda.org.au,Genderfluid,1.57.149.23
423,Joan,Barles,jbarlesbq@slideshare.net,Genderqueer,194.163.192.64
424,Maxine,Joice,mjoicebr@netscape.com,Non-binary,155.108.12.134
425,Mercie,Adamovitz,madamovitzbs@sogou.com,Bigender,173.209.232.105
426,Jordanna,Wyon,jwyonbt@wordpress.org,Agender,226.151.14.88
427,Tandy,Edmondson,tedmondsonbu@mapy.cz,Genderfluid,158.173.17.150
428,Nancy,Ofield,nofieldbv@marriott.com,Non-binary,213.68.39.248
429,Nickola,Lochet,nlochetbw@google.cn,Genderfluid,234.105.194.65
430,Shalom,Greves,sgrevesbx@bloglines.com,Genderqueer,159.81.55.209
431,Stoddard,Hearnes,shearnesby@miitbeian.gov.cn,Bigender,148.145.183.247
432,Lucretia,Brunton,lbruntonbz@sitemeter.com,Genderqueer,199.104.18.195
433,Pryce,Henriksson,phenrikssonc0@nbcnews.com,Male,100.95.59.194
434,Bertha,Friar,bfriarc1@weather.com,Bigender,21.4.68.51
435,Angie,Meneux,ameneuxc2@huffingtonpost.com,Female,75.153.74.48
436,Lane,Castledine,lcastledinec3@hugedomains.com,Bigender,175.255.139.161
437,Dylan,Verson,dversonc4@ycombinator.com,Genderfluid,184.66.16.241
438,Aryn,Seargeant,aseargeantc5@kickstarter.com,Bigender,38.52.140.14
439,Kent,Impy,kimpyc6@qq.com,Female,155.159.168.252
440,Cecelia,Tullot,ctullotc7@163.com,Non-binary,224.5.139.135
441,Kennett,Matantsev,kmatantsevc8@cbsnews.com,Polygender,19.153.225.86
442,Yorgo,Jewson,yjewsonc9@example.com,Polygender,43.64.209.182
443,Holmes,Duddin,hduddinca@phpbb.com,Bigender,239.219.153.69
444,Hanni,Litterick,hlitterickcb@state.tx.us,Agender,66.236.18.88
445,Barclay,Bumpas,bbumpascc@mozilla.org,Polygender,51.46.58.218
446,Calypso,Shortall,cshortallcd@yandex.ru,Polygender,250.160.118.250
447,Ernst,Buckney,ebuckneyce@weather.com,Polygender,215.27.186.111
448,Robbie,Collingdon,rcollingdoncf@jiathis.com,Genderqueer,240.1.91.75
449,Mellicent,Blackledge,mblackledgecg@rakuten.co.jp,Polygender,139.138.137.48
450,Bonnie,Last,blastch@bloglovin.com,Female,64.8.158.200
451,Ashien,Sarsons,asarsonsci@samsung.com,Non-binary,188.34.131.138
452,Vergil,Finby,vfinbycj@mysql.com,Genderfluid,116.75.225.173
453,Alida,Itzkovwich,aitzkovwichck@nymag.com,Male,76.183.213.53
454,Carolyne,Hendron,chendroncl@blogspot.com,Non-binary,203.56.63.163
455,Helaine,Ousley,housleycm@cdbaby.com,Genderfluid,140.162.183.68
456,Isaak,Lusher,ilushercn@shinystat.com,Female,1.140.227.6
457,Cloe,Toppas,ctoppasco@bizjournals.com,Male,197.149.97.78
458,Brittan,Whitehair,bwhitehaircp@omniture.com,Female,170.109.181.160
459,Guthrey,Arnoldi,garnoldicq@tmall.com,Genderfluid,210.228.179.23
460,Giralda,Binny,gbinnycr@hugedomains.com,Female,190.242.102.202
461,Stevy,Filisov,sfilisovcs@facebook.com,Bigender,255.23.24.182
462,Cassie,Eriksson,cerikssonct@shareasale.com,Female,218.196.26.197
463,Alysa,Lympany,alympanycu@mozilla.com,Male,29.205.231.36
464,Nikita,Cadman,ncadmancv@blogger.com,Agender,77.193.116.119
465,Hillyer,Golthorpp,hgolthorppcw@huffingtonpost.com,Agender,47.251.84.220
466,Correy,Chivrall,cchivrallcx@wordpress.org,Agender,135.83.51.82
467,Alain,Harral,aharralcy@digg.com,Non-binary,193.184.214.79
468,Bellina,Cranefield,bcranefieldcz@g.co,Non-binary,239.251.87.77
469,Blanche,Scotchmur,bscotchmurd0@walmart.com,Agender,137.39.123.229
470,Clim,Flohard,cflohardd1@walmart.com,Genderqueer,242.20.107.21
471,Vere,Sabben,vsabbend2@fotki.com,Male,61.80.139.13
472,Gusti,Scardifeild,gscardifeildd3@wordpress.org,Genderfluid,107.219.123.25
473,Aleksandr,Maxwell,amaxwelld4@blogs.com,Genderqueer,51.16.179.217
474,Dot,Blacklock,dblacklockd5@youtube.com,Bigender,139.99.144.5
475,Brendin,Althrope,balthroped6@google.ru,Bigender,140.78.244.208
476,Tammy,Swindells,tswindellsd7@irs.gov,Non-binary,167.26.9.16
477,Ryan,Pietzner,rpietznerd8@bing.com,Female,117.161.33.205
478,Pyotr,Tilliards,ptilliardsd9@biglobe.ne.jp,Male,121.116.224.71
479,Franz,McMeyler,fmcmeylerda@histats.com,Bigender,192.74.31.185
480,Joelly,Lindelof,jlindelofdb@aol.com,Non-binary,148.32.3.208
481,Tanney,Cale,tcaledc@mtv.com,Non-binary,149.21.125.214
482,Joline,Billitteri,jbillitteridd@tripadvisor.com,Genderfluid,63.19.207.43
483,Steward,Castree,scastreede@ow.ly,Female,12.155.142.109
484,Kristofer,Tallet,ktalletdf@microsoft.com,Agender,230.243.85.179
485,Palm,Curd,pcurddg@va.gov,Non-binary,240.167.212.1
486,Guy,Kaes,gkaesdh@odnoklassniki.ru,Genderfluid,89.158.90.158
487,Cicily,Whitlaw,cwhitlawdi@networksolutions.com,Genderfluid,216.181.134.254
488,Charleen,Juliano,cjulianodj@simplemachines.org,Bigender,109.131.223.48
489,Joellyn,Giovanetti,jgiovanettidk@adobe.com,Polygender,16.199.93.110
490,Melly,Godart,mgodartdl@hexun.com,Polygender,31.153.69.199
491,Cory,MacCaughey,cmaccaugheydm@fastcompany.com,Agender,169.151.123.242
492,Aldin,Cockrem,acockremdn@google.co.jp,Agender,206.241.0.215
493,Allis,Saxby,asaxbydo@princeton.edu,Non-binary,239.223.137.157
494,Eddi,Byneth,ebynethdp@shareasale.com,Male,19.247.75.120
495,Krispin,Woof,kwoofdq@pagesperso-orange.fr,Male,40.87.219.230
496,Shalom,Revens,srevensdr@admin.ch,Agender,64.111.152.207
497,Oralle,Caghan,ocaghands@umn.edu,Male,170.76.14.28
498,Dean,Guslon,dguslondt@buzzfeed.com,Polygender,226.70.42.105
499,Nataline,Sargison,nsargisondu@youku.com,Agender,67.8.131.150
500,Valina,Storrock,vstorrockdv@hp.com,Non-binary,233.154.163.207
501,Gran,Yakubovics,gyakubovicsdw@behance.net,Male,121.85.209.195
502,Savina,Elegood,selegooddx@walmart.com,Bigender,69.146.136.74
503,Brucie,Bavridge,bbavridgedy@yelp.com,Male,109.112.121.218
504,Siegfried,Muggleton,smuggletondz@angelfire.com,Genderqueer,83.121.23.232
505,Almeta,Ricciardiello,aricciardielloe0@myspace.com,Male,175.241.20.124
506,Virgie,McCrillis,vmccrillise1@google.com.au,Bigender,168.174.10.74
507,Selina,Lanphere,slanpheree2@nytimes.com,Bigender,72.169.82.181
508,Casey,Brugger,cbruggere3@ameblo.jp,Female,234.106.221.45
509,Axel,Kerne,akernee4@go.com,Non-binary,232.112.55.139
510,Konstance,Raphael,kraphaele5@multiply.com,Male,88.8.4.150
511,Foster,Beavington,fbeavingtone6@indiegogo.com,Genderqueer,131.243.169.18
512,Vivie,Bleyman,vbleymane7@simplemachines.org,Polygender,46.42.94.138
513,Annadiane,Kerbey,akerbeye8@webs.com,Female,237.27.204.74
514,Dominik,Kimmel,dkimmele9@apache.org,Polygender,203.212.80.63
515,Kissie,Matczak,kmatczakea@hostgator.com,Polygender,97.129.104.118
516,Martie,Beaushaw,mbeaushaweb@youtu.be,Polygender,209.216.252.185
517,Gloriana,Durbann,gdurbannec@barnesandnoble.com,Genderfluid,43.88.118.215
518,Isabel,Trask,itrasked@wikimedia.org,Female,122.147.139.142
519,Ware,Rowter,wrowteree@adobe.com,Agender,205.18.101.34
520,Rubina,Portugal,rportugalef@vistaprint.com,Agender,240.181.152.249
521,Annalee,Pietrzak,apietrzakeg@behance.net,Genderqueer,80.231.52.255
522,Zandra,Housaman,zhousamaneh@arizona.edu,Genderfluid,198.222.124.199
523,Renate,Beardmore,rbeardmoreei@amazonaws.com,Male,127.72.24.155
524,Brent,Mollon,bmollonej@yelp.com,Bigender,113.171.13.41
525,Davidde,Van den Oord,dvandenoordek@psu.edu,Genderqueer,74.11.24.159
526,Homere,Stannion,hstannionel@webeden.co.uk,Male,188.152.101.64
527,Kristofor,Blowers,kblowersem@buzzfeed.com,Bigender,96.156.22.109
528,Herman,Hought,hhoughten@instagram.com,Agender,202.57.47.74
529,Dante,Letessier,dletessiereo@amazon.co.uk,Agender,154.36.73.35
530,Loria,Cescoti,lcescotiep@constantcontact.com,Agender,131.145.8.84
531,Timmie,Langthorn,tlangthorneq@fastcompany.com,Female,155.53.121.234
532,Mandy,Fetherstan,mfetherstaner@php.net,Polygender,200.128.76.240
533,Devonna,Kilner,dkilneres@creativecommons.org,Polygender,237.158.131.255
534,Raquela,Guerri,rguerriet@examiner.com,Bigender,79.158.184.18
535,Cordelia,Quantrill,cquantrilleu@chicagotribune.com,Polygender,57.194.79.178
536,Farley,Colliss,fcollissev@feedburner.com,Non-binary,211.98.232.246
537,Rozalin,Gates,rgatesew@blogger.com,Non-binary,161.200.0.3
538,Raul,Larwood,rlarwoodex@ow.ly,Polygender,195.111.206.199
539,Freedman,Holligan,fholliganey@ow.ly,Genderqueer,151.240.184.123
540,Braden,Shetliff,bshetliffez@nifty.com,Agender,161.142.249.31
541,Gwenny,McLugish,gmclugishf0@technorati.com,Polygender,244.255.141.228
542,Renae,Deeney,rdeeneyf1@upenn.edu,Polygender,254.114.7.137
543,Talya,Blight,tblightf2@sogou.com,Genderqueer,184.62.162.132
544,Valenka,McNulty,vmcnultyf3@scribd.com,Agender,208.176.71.134
545,Leora,Cud,lcudf4@unesco.org,Male,64.204.25.55
546,Carolyn,Shrigley,cshrigleyf5@mtv.com,Agender,3.62.99.229
547,Daria,De La Haye,ddelahayef6@blinklist.com,Polygender,155.98.74.214
548,Robinson,Guilaem,rguilaemf7@yellowbook.com,Male,78.197.86.178
549,Aidan,D'Agostini,adagostinif8@ask.com,Agender,1.181.137.185
550,Valentia,Laugier,vlaugierf9@jigsy.com,Non-binary,136.98.196.167
551,Gibby,Purser,gpurserfa@dyndns.org,Genderfluid,40.28.100.93
552,Brittan,Landell,blandellfb@tiny.cc,Male,178.167.224.210
553,Amara,Duding,adudingfc@ehow.com,Genderfluid,168.32.19.52
554,Chev,Stapleton,cstapletonfd@sourceforge.net,Agender,172.11.30.38
555,Misty,Mote,mmotefe@lycos.com,Agender,229.17.25.73
556,Birdie,Vezey,bvezeyff@baidu.com,Male,65.52.49.45
557,Dwight,Mazillius,dmazilliusfg@dropbox.com,Bigender,113.66.129.114
558,Cleo,Oneal,conealfh@irs.gov,Bigender,156.137.49.138
559,Kimmi,Dohmer,kdohmerfi@sogou.com,Genderfluid,100.60.170.39
560,Corella,Burnip,cburnipfj@vistaprint.com,Bigender,18.209.95.196
561,Jdavie,Fadden,jfaddenfk@loc.gov,Male,26.151.15.63
562,Myrtle,Rosbottom,mrosbottomfl@un.org,Bigender,187.223.178.249
563,Duffy,Demschke,ddemschkefm@drupal.org,Genderqueer,205.224.246.46
564,Menard,Beggin,mbegginfn@ucoz.com,Non-binary,189.41.123.189
565,Fergus,Dorsey,fdorseyfo@yahoo.co.jp,Genderqueer,211.195.137.137
566,Cash,Sacase,csacasefp@photobucket.com,Female,9.101.215.179
567,Joanie,Cufflin,jcufflinfq@tamu.edu,Polygender,24.208.44.145
568,Merl,Lorek,mlorekfr@goo.ne.jp,Non-binary,166.126.194.213
569,Idette,Lautie,ilautiefs@ehow.com,Non-binary,182.72.47.39
570,Gavrielle,Dadswell,gdadswellft@jigsy.com,Genderfluid,156.120.27.14
571,Cassandre,Buckley,cbuckleyfu@nationalgeographic.com,Agender,72.202.11.125
572,Bertina,Bech,bbechfv@pinterest.com,Polygender,87.131.219.17
573,Yolanda,Wilford,ywilfordfw@state.tx.us,Male,13.26.240.173
574,Bernadine,Debney,bdebneyfx@loc.gov,Agender,150.90.84.6
575,Lucas,Ollett,lollettfy@lulu.com,Polygender,101.51.191.171
576,Eve,McNamara,emcnamarafz@prweb.com,Bigender,2.236.182.122
577,Lorinda,Arsmith,larsmithg0@xing.com,Male,40.102.250.208
578,Liane,Graber,lgraberg1@altervista.org,Bigender,252.167.209.26
579,Brunhilda,Stanney,bstanneyg2@delicious.com,Male,131.32.145.43
580,Joyce,Sommerfeld,jsommerfeldg3@sun.com,Polygender,226.20.4.201
581,Padgett,Medlar,pmedlarg4@issuu.com,Agender,201.233.68.121
582,Ethelda,Beaven,ebeaveng5@businesswire.com,Genderfluid,75.137.201.110
583,Lon,Tytterton,ltyttertong6@privacy.gov.au,Bigender,164.48.108.251
584,Lenette,Gomez,lgomezg7@china.com.cn,Agender,110.10.99.221
585,Sarah,Shelliday,sshellidayg8@illinois.edu,Agender,50.187.148.162
586,Yuma,Bloor,ybloorg9@businessweek.com,Agender,103.7.146.172
587,Thornton,Pettipher,tpettipherga@soup.io,Genderfluid,158.251.208.254
588,Karita,Cheasman,kcheasmangb@nba.com,Non-binary,219.170.130.196
589,Alden,Matteini,amatteinigc@narod.ru,Male,4.225.101.107
590,Travers,Currie,tcurriegd@thetimes.co.uk,Non-binary,66.69.5.95
591,Lesley,Sponder,lsponderge@de.vu,Genderqueer,198.86.126.251
592,Jillene,Guiducci,jguiduccigf@army.mil,Polygender,211.205.204.45
593,Veronike,Andryszczak,vandryszczakgg@over-blog.com,Male,113.63.90.173
594,Marla,Petera,mpeteragh@va.gov,Polygender,177.92.196.192
595,Rozanna,Holburn,rholburngi@yandex.ru,Male,245.96.161.103
596,Pepillo,Gooch,pgoochgj@dropbox.com,Male,34.160.23.189
597,Sibelle,Sherston,ssherstongk@google.fr,Female,227.210.25.202
598,Laure,Orum,lorumgl@paginegialle.it,Agender,183.213.179.51
599,Darnall,Fraanchyonok,dfraanchyonokgm@google.com.br,Polygender,53.102.246.94
600,Jakie,Cowlam,jcowlamgn@nymag.com,Genderqueer,162.189.194.206
601,Zoe,Thay,zthaygo@hatena.ne.jp,Female,71.242.105.25
602,Melitta,Grise,mgrisegp@theatlantic.com,Polygender,179.84.156.23
603,Glyn,Graveston,ggravestongq@va.gov,Female,186.164.87.52
604,Waiter,Brinkman,wbrinkmangr@skyrock.com,Genderqueer,44.218.169.181
605,Whitney,Magister,wmagistergs@spiegel.de,Bigender,234.245.243.85
606,Garrot,Guiducci,gguiduccigt@addtoany.com,Genderqueer,179.140.96.34
607,Korrie,Van Halle,kvanhallegu@hc360.com,Non-binary,32.219.132.63
608,Claudius,Phelip,cphelipgv@newsvine.com,Polygender,85.252.55.56
609,Zonnya,Cawson,zcawsongw@ted.com,Female,172.43.152.218
610,Claire,McFfaden,cmcffadengx@walmart.com,Genderqueer,67.168.147.134
611,Ilka,Nelsey,inelseygy@geocities.jp,Female,37.182.254.36
612,Aimee,Thoresby,athoresbygz@bizjournals.com,Non-binary,242.183.50.7
613,Emera,Ciepluch,eciepluchh0@addtoany.com,Genderqueer,183.33.192.111
614,Jaquelin,Luby,jlubyh1@phoca.cz,Genderfluid,47.9.137.81
615,Emmanuel,Kenwood,ekenwoodh2@unc.edu,Female,163.202.191.255
616,Jeremiah,Faucherand,jfaucherandh3@t.co,Genderfluid,94.223.2.1
617,Victoria,Buttwell,vbuttwellh4@is.gd,Non-binary,162.224.4.212
618,Gearalt,Rooney,grooneyh5@prnewswire.com,Genderqueer,17.206.255.154
619,Brier,Clayill,bclayillh6@list-manage.com,Male,16.232.254.123
620,Zachariah,Christer,zchristerh7@ning.com,Female,98.213.103.116
621,Zebulen,Chinnick,zchinnickh8@domainmarket.com,Male,122.56.170.26
622,Rania,Meaking,rmeakingh9@walmart.com,Male,144.122.248.247
623,Sybila,Comport,scomportha@earthlink.net,Non-binary,85.23.12.146
624,Abagael,Pennini,apenninihb@edublogs.org,Polygender,65.116.88.10
625,Farra,Penketh,fpenkethhc@timesonline.co.uk,Polygender,210.34.100.135
626,Dougie,Rosenbaum,drosenbaumhd@princeton.edu,Polygender,102.219.20.220
627,Zebadiah,Trathan,ztrathanhe@usda.gov,Female,130.210.34.69
628,Willette,Sollam,wsollamhf@twitter.com,Agender,213.237.158.13
629,Barbe,Woollin,bwoollinhg@pbs.org,Agender,104.120.117.240
630,Ada,Guess,aguesshh@taobao.com,Agender,194.57.217.249
631,Sacha,Hinchon,shinchonhi@dell.com,Genderqueer,221.201.192.154
632,Grant,Amis,gamishj@intel.com,Non-binary,27.173.102.0
633,Gonzalo,Donat,gdonathk@cargocollective.com,Non-binary,34.235.148.159
634,Everett,Regitz,eregitzhl@linkedin.com,Non-binary,43.162.111.63
635,Jacenta,Pandey,jpandeyhm@squidoo.com,Female,209.27.132.200
636,Elijah,Goatman,egoatmanhn@angelfire.com,Polygender,226.145.220.115
637,Ethelred,Handrok,ehandrokho@cdbaby.com,Genderfluid,79.120.145.6
638,Price,Doulton,pdoultonhp@creativecommons.org,Polygender,194.16.103.252
639,Dacia,Brunel,dbrunelhq@sciencedaily.com,Non-binary,143.59.32.181
640,Trip,Penlington,tpenlingtonhr@huffingtonpost.com,Agender,76.41.161.65
641,Neila,Doyland,ndoylandhs@sina.com.cn,Genderfluid,150.166.84.146
642,Robbin,Goodie,rgoodieht@ifeng.com,Agender,19.24.247.182
643,Adolphus,Menpes,amenpeshu@tamu.edu,Genderqueer,117.116.152.191
644,Dionysus,Eaklee,deakleehv@apple.com,Genderqueer,85.134.50.131
645,Winfield,Bewfield,wbewfieldhw@chronoengine.com,Polygender,12.189.67.45
646,Shane,Maysor,smaysorhx@usda.gov,Female,173.59.187.90
647,Coleman,Ayers,cayershy@so-net.ne.jp,Non-binary,39.28.178.84
648,Isis,Traut,itrauthz@scribd.com,Genderqueer,3.241.1.181
649,Janifer,Baume,jbaumei0@exblog.jp,Male,20.226.56.93
650,Cherlyn,Tappington,ctappingtoni1@businessweek.com,Genderqueer,32.33.112.229
651,Gasparo,Wilprecht,gwilprechti2@reference.com,Male,200.172.148.100
652,Olly,Prater,oprateri3@cbslocal.com,Genderqueer,175.196.165.143
653,Glenna,McCullock,gmccullocki4@imgur.com,Polygender,45.178.209.15
654,Filbert,Gairdner,fgairdneri5@omniture.com,Bigender,48.182.233.180
655,Thatch,Matanin,tmatanini6@rediff.com,Polygender,121.138.118.184
656,Giralda,Estable,gestablei7@facebook.com,Male,5.212.210.56
657,Deeanne,Thripp,dthrippi8@lulu.com,Bigender,152.207.183.213
658,Ginny,Bloschke,gbloschkei9@prweb.com,Genderqueer,2.108.176.216
659,Waring,Yegorev,wyegorevia@jiathis.com,Polygender,57.221.232.235
660,Leonhard,Popplestone,lpopplestoneib@unesco.org,Male,124.73.3.124
661,Prescott,Janjusevic,pjanjusevicic@stumbleupon.com,Polygender,52.157.63.69
662,Fabio,Summersby,fsummersbyid@cbc.ca,Non-binary,124.98.47.124
663,Moise,Kermannes,mkermannesie@examiner.com,Bigender,179.135.45.64
664,Ulrike,Doge,udogeif@phpbb.com,Polygender,235.62.81.25
665,Orion,Dugan,oduganig@com.com,Genderfluid,27.179.104.168
666,Ellery,Buyers,ebuyersih@elegantthemes.com,Male,141.237.49.240
667,Jethro,Ratlee,jratleeii@gov.uk,Bigender,184.40.77.144
668,Codie,Alsop,calsopij@tmall.com,Male,23.88.215.205
669,Therese,Loudwell,tloudwellik@1und1.de,Bigender,215.33.196.151
670,Oralie,Ledbury,oledburyil@hugedomains.com,Genderfluid,52.239.243.39
671,Jud,McQuin,jmcquinim@wunderground.com,Genderfluid,167.120.35.213
672,Sigismondo,Gapper,sgapperin@netlog.com,Genderqueer,199.55.101.133
673,Alejandro,Heinig,aheinigio@baidu.com,Agender,242.25.20.6
674,Teodoro,Kingsland,tkingslandip@feedburner.com,Bigender,213.87.44.42
675,Mia,Cornbell,mcornbelliq@slashdot.org,Polygender,171.81.180.69
676,Brynne,Pettinger,bpettingerir@huffingtonpost.com,Polygender,60.45.82.126
677,Lacy,Cotgrove,lcotgroveis@biglobe.ne.jp,Female,152.144.112.83
678,Dniren,Fairholm,dfairholmit@archive.org,Non-binary,0.16.222.132
679,Hermann,Czajkowska,hczajkowskaiu@miibeian.gov.cn,Agender,224.254.172.42
680,Barbara,Gethouse,bgethouseiv@washingtonpost.com,Bigender,177.95.6.31
681,Leelah,Pascow,lpascowiw@umn.edu,Polygender,232.96.115.25
682,Zebedee,Murphy,zmurphyix@tamu.edu,Male,102.164.14.15
683,Idette,Probate,iprobateiy@mapy.cz,Bigender,208.86.17.241
684,Valry,Edelheid,vedelheidiz@studiopress.com,Agender,90.15.96.173
685,Lori,Fotheringham,lfotheringhamj0@army.mil,Bigender,229.52.225.124
686,Ivory,Lennarde,ilennardej1@tripod.com,Female,49.127.171.123
687,Emmalynn,Balducci,ebalduccij2@free.fr,Agender,132.217.231.154
688,Stanislaw,Peter,speterj3@cdbaby.com,Bigender,82.58.112.107
689,Goldi,Halsey,ghalseyj4@adobe.com,Female,146.196.196.23
690,Rebecka,Burvill,rburvillj5@sfgate.com,Female,80.200.83.167
691,Keslie,Botten,kbottenj6@naver.com,Polygender,146.35.78.84
692,Donelle,Bettanay,dbettanayj7@illinois.edu,Genderqueer,214.27.205.19
693,Rochell,Blanko,rblankoj8@go.com,Male,165.79.64.209
694,Hillie,Littley,hlittleyj9@comsenz.com,Polygender,112.236.162.129
695,Nev,Guwer,nguwerja@last.fm,Polygender,212.243.13.75
696,Elnar,Leguay,eleguayjb@samsung.com,Genderfluid,128.68.122.5
697,Coralie,Cowing,ccowingjc@prnewswire.com,Non-binary,41.68.9.92
698,Wilmer,Sprouls,wsproulsjd@amazon.co.uk,Male,9.235.194.14
699,Yvon,Beven,ybevenje@usnews.com,Non-binary,116.85.204.153
700,Rowen,Heck,rheckjf@etsy.com,Agender,11.108.115.26
701,Bartlett,Garaghan,bgaraghanjg@creativecommons.org,Female,170.75.207.62
702,Petra,Bowart,pbowartjh@wikispaces.com,Bigender,238.70.230.195
703,Angel,Jobbing,ajobbingji@tuttocitta.it,Male,75.94.2.187
704,Breena,Gendrich,bgendrichjj@dailymotion.com,Agender,178.10.155.56
705,Joaquin,Stollen,jstollenjk@google.cn,Bigender,177.230.80.59
706,Gerald,Greedier,ggreedierjl@cargocollective.com,Genderfluid,119.201.57.163
707,Corri,Laise,claisejm@mapy.cz,Female,212.34.132.104
708,Venita,Angel,vangeljn@devhub.com,Genderfluid,60.25.208.45
709,Lucian,Stannah,lstannahjo@arstechnica.com,Agender,27.99.175.66
710,Zora,Saipy,zsaipyjp@washington.edu,Agender,91.220.251.75
711,Jonis,Collacombe,jcollacombejq@multiply.com,Bigender,57.189.148.17
712,Collin,Prando,cprandojr@phpbb.com,Polygender,80.105.68.184
713,Gustavo,Filipovic,gfilipovicjs@tiny.cc,Male,107.193.218.43
714,Livvie,Pyburn,lpyburnjt@ihg.com,Female,255.229.167.5
715,Marcela,Lippiatt,mlippiattju@smugmug.com,Female,35.162.141.83
716,Almeda,Kisbey,akisbeyjv@1und1.de,Polygender,160.125.236.226
717,Reginauld,Doud,rdoudjw@time.com,Agender,177.22.145.30
718,Crista,Ellerman,cellermanjx@geocities.com,Agender,98.114.17.204
719,Damita,Bentson,dbentsonjy@imageshack.us,Agender,156.52.189.54
720,Ebonee,L'Homme,elhommejz@vistaprint.com,Genderfluid,121.216.108.242
721,Quillan,Svanini,qsvaninik0@foxnews.com,Agender,109.70.190.207
722,Cyndi,Coddrington,ccoddringtonk1@microsoft.com,Male,172.149.147.128
723,Amberly,Habert,ahabertk2@dot.gov,Non-binary,228.176.83.100
724,Karrah,St Ledger,kstledgerk3@timesonline.co.uk,Agender,85.123.100.118
725,Brandea,Skea,bskeak4@blogspot.com,Agender,86.125.173.244
726,Charley,Loude,cloudek5@va.gov,Male,57.230.74.247
727,Phillip,Davenport,pdavenportk6@freewebs.com,Polygender,160.46.237.93
728,Myrtie,Defew,mdefewk7@ftc.gov,Genderfluid,54.76.86.199
729,Humphrey,McNeilly,hmcneillyk8@wunderground.com,Bigender,100.74.197.195
730,Reinwald,Hugo,rhugok9@marriott.com,Male,252.115.204.161
731,Linette,Rosander,lrosanderka@wikipedia.org,Non-binary,218.124.74.177
732,Rhodia,Satford,rsatfordkb@oaic.gov.au,Polygender,116.138.34.128
733,Garrett,Edis,gediskc@reuters.com,Genderfluid,122.217.125.70
734,Dilan,Bathowe,dbathowekd@ed.gov,Genderfluid,53.118.90.161
735,Hanni,Bushell,hbushellke@economist.com,Non-binary,196.85.96.197
736,Breanne,Moreside,bmoresidekf@hatena.ne.jp,Genderqueer,104.61.55.48
737,Georgeanne,Worrell,gworrellkg@ftc.gov,Agender,87.182.153.131
738,Kaiser,Cheeld,kcheeldkh@bizjournals.com,Polygender,217.123.112.28
739,Nariko,Audenis,naudeniski@admin.ch,Agender,124.56.118.193
740,Salli,Pregal,spregalkj@google.com.br,Agender,83.124.198.85
741,Inness,Linnemann,ilinnemannkk@msn.com,Bigender,177.6.49.138
742,Symon,Maffetti,smaffettikl@google.cn,Genderfluid,106.117.237.242
743,Morgan,Bindon,mbindonkm@google.co.uk,Female,161.14.245.47
744,Nomi,Sowten,nsowtenkn@goodreads.com,Genderqueer,72.241.18.206
745,Gerri,Kopecka,gkopeckako@npr.org,Non-binary,51.134.3.185
746,Antonin,Rendbaek,arendbaekkp@ning.com,Polygender,31.162.83.118
747,Hendrick,Pedrielli,hpedriellikq@sourceforge.net,Female,15.91.103.70
748,Dori,Quinney,dquinneykr@smugmug.com,Agender,72.131.51.220
749,Karoline,Iredale,kiredaleks@theatlantic.com,Male,141.175.144.2
750,Odetta,Clewarth,oclewarthkt@house.gov,Bigender,111.11.219.227
751,Laurie,Casa,lcasaku@blogtalkradio.com,Bigender,248.252.97.176
752,Ayn,Duigan,aduigankv@cdbaby.com,Genderfluid,125.3.88.7
753,Nanice,Palmby,npalmbykw@archive.org,Agender,60.207.183.244
754,Lorrie,Antrag,lantragkx@slideshare.net,Polygender,107.18.85.9
755,Lauree,Musk,lmuskky@nymag.com,Genderqueer,130.19.199.187
756,Danya,Flanaghan,dflanaghankz@hostgator.com,Agender,191.123.147.161
757,Dusty,Eyes,deyesl0@de.vu,Genderqueer,87.132.148.6
758,Suellen,Cotelard,scotelardl1@simplemachines.org,Polygender,14.240.23.81
759,Marjorie,Pittet,mpittetl2@netscape.com,Bigender,165.63.205.230
760,Tybie,Heather,theatherl3@fema.gov,Polygender,218.13.42.164
761,Ceil,Loverock,cloverockl4@hhs.gov,Male,120.191.62.64
762,Agretha,Jersh,ajershl5@engadget.com,Polygender,131.186.234.65
763,Liv,Camocke,lcamockel6@slate.com,Female,91.145.222.31
764,Deanne,Pandey,dpandeyl7@msu.edu,Agender,148.46.148.147
765,Marysa,Camble,mcamblel8@oaic.gov.au,Bigender,251.74.237.247
766,Rhodia,Corgenvin,rcorgenvinl9@nsw.gov.au,Polygender,41.228.47.48
767,Nannie,Sale,nsalela@cocolog-nifty.com,Female,222.215.205.178
768,Clare,McCourt,cmccourtlb@hostgator.com,Genderqueer,62.115.76.91
769,Joelly,Immins,jimminslc@ucla.edu,Male,145.131.173.79
770,Ulric,Sparwell,usparwellld@1688.com,Agender,109.133.154.1
771,Cornelius,Strethill,cstrethillle@blinklist.com,Non-binary,203.252.53.195
772,Danie,Sills,dsillslf@about.com,Female,39.162.35.181
773,Lonny,Lashford,llashfordlg@scientificamerican.com,Polygender,183.64.88.208
774,Nikki,Crouch,ncrouchlh@bigcartel.com,Agender,231.204.122.56
775,Nickolas,Oggers,noggersli@nasa.gov,Polygender,80.175.62.6
776,Jamesy,Corneliussen,jcorneliussenlj@biglobe.ne.jp,Agender,6.123.11.93
777,Xylina,Lidgey,xlidgeylk@nsw.gov.au,Polygender,243.190.231.88
778,Howey,Bewsey,hbewseyll@feedburner.com,Male,26.254.180.156
779,Geri,Standon,gstandonlm@slashdot.org,Bigender,15.213.33.46
780,Arlie,Paudin,apaudinln@gravatar.com,Bigender,29.161.208.131
781,Rora,Barlas,rbarlaslo@pbs.org,Agender,146.38.200.140
782,Milt,Sidary,msidarylp@moonfruit.com,Bigender,147.47.244.19
783,Mikaela,Fear,mfearlq@ezinearticles.com,Bigender,237.38.47.92
784,Antonella,Manns,amannslr@domainmarket.com,Non-binary,198.30.124.208
785,Anne-marie,Dearman,adearmanls@ft.com,Male,29.44.42.11
786,Jackie,O'Curran,jocurranlt@state.tx.us,Genderqueer,152.183.95.215
787,Arie,Tessier,atessierlu@amazon.co.jp,Agender,184.72.42.202
788,Gregg,Pamment,gpammentlv@independent.co.uk,Male,31.113.224.171
789,Timothee,Koop,tkooplw@tripadvisor.com,Polygender,18.190.166.237
790,Lonny,Valenti,lvalentilx@npr.org,Genderfluid,62.84.206.102
791,Tamara,Cleaves,tcleavesly@canalblog.com,Female,36.96.56.93
792,Isidro,Ciementini,iciementinilz@cafepress.com,Non-binary,65.17.15.4
793,Addia,Davio,adaviom0@who.int,Agender,195.36.116.14
794,Erek,Lammiman,elammimanm1@illinois.edu,Agender,95.134.104.155
795,Francis,Dayer,fdayerm2@indiegogo.com,Male,110.7.238.232
796,Read,Licence,rlicencem3@accuweather.com,Polygender,177.197.68.10
797,Caryl,Brimblecombe,cbrimblecombem4@yandex.ru,Genderqueer,110.192.171.33
798,Rogers,Tolan,rtolanm5@unc.edu,Polygender,105.30.73.228
799,Mahala,Berk,mberkm6@hud.gov,Genderfluid,122.238.54.242
800,Cherin,Harroll,charrollm7@ocn.ne.jp,Non-binary,11.69.161.133
801,Drusi,Perett,dperettm8@yale.edu,Genderfluid,113.72.245.30
802,Noreen,Purbrick,npurbrickm9@godaddy.com,Non-binary,12.117.102.25
803,Cecile,Yanshonok,cyanshonokma@bigcartel.com,Genderqueer,107.187.82.142
804,Miquela,Turley,mturleymb@odnoklassniki.ru,Genderfluid,240.250.136.64
805,Izzy,Sumnall,isumnallmc@drupal.org,Female,10.96.104.97
806,Elizabet,Garroway,egarrowaymd@nationalgeographic.com,Genderfluid,75.51.43.220
807,Dacey,Moxham,dmoxhamme@friendfeed.com,Genderqueer,33.182.85.140
808,Kinsley,Sabater,ksabatermf@cloudflare.com,Agender,82.171.161.129
809,Tadeo,Gaskin,tgaskinmg@moonfruit.com,Genderfluid,119.69.78.159
810,Lotte,Simpkiss,lsimpkissmh@vk.com,Polygender,143.101.242.17
811,Roxanne,MacAlister,rmacalistermi@vistaprint.com,Genderqueer,154.94.251.98
812,Terrie,Crips,tcripsmj@ustream.tv,Bigender,34.120.218.146
813,Ulrica,Spancock,uspancockmk@opera.com,Non-binary,227.157.194.180
814,Sonnnie,Marshall,smarshallml@elegantthemes.com,Polygender,98.231.30.119
815,Ethan,Monkton,emonktonmm@google.co.jp,Bigender,209.244.181.91
816,Toddie,Marzele,tmarzelemn@hostgator.com,Polygender,115.45.158.119
817,Arabel,Calkin,acalkinmo@shareasale.com,Polygender,234.215.134.232
818,Christa,Duly,cdulymp@latimes.com,Female,77.169.78.5
819,Aldis,Taylour,ataylourmq@fda.gov,Genderqueer,217.192.12.21
820,Estella,Dimitrijevic,edimitrijevicmr@loc.gov,Male,35.18.42.209
821,Eli,Veitch,eveitchms@japanpost.jp,Bigender,38.230.49.165
822,Kittie,Hasker,khaskermt@wiley.com,Bigender,120.196.223.170
823,Mathian,Klosges,mklosgesmu@cnet.com,Female,138.197.29.250
824,Ula,Crayk,ucraykmv@sourceforge.net,Agender,70.9.16.65
825,Cleopatra,Stearndale,cstearndalemw@php.net,Bigender,110.127.11.160
826,Mada,Fishlock,mfishlockmx@networksolutions.com,Bigender,199.12.117.109
827,Ogdon,Gaylord,ogaylordmy@google.co.jp,Polygender,63.1.59.134
828,Llywellyn,Seldon,lseldonmz@xing.com,Male,169.62.72.229
829,Mikel,Chiverton,mchivertonn0@nps.gov,Bigender,152.227.111.22
830,Michele,McClintock,mmcclintockn1@cnn.com,Polygender,179.32.120.38
831,Lemmie,Goodswen,lgoodswenn2@ft.com,Polygender,108.179.44.173
832,Illa,Winscomb,iwinscombn3@ocn.ne.jp,Non-binary,62.198.159.197
833,Theadora,MacGuigan,tmacguigann4@whitehouse.gov,Female,80.248.126.57
834,Alfie,Simmonett,asimmonettn5@wisc.edu,Polygender,211.173.161.199
835,Niles,Yarmouth,nyarmouthn6@slate.com,Agender,191.197.104.245
836,Linnea,Tackes,ltackesn7@g.co,Agender,192.103.86.224
837,Brucie,Wansbury,bwansburyn8@naver.com,Bigender,116.80.187.202
838,Bernardo,Imesen,bimesenn9@imgur.com,Polygender,200.111.226.115
839,Eugenie,Johnsey,ejohnseyna@youtu.be,Polygender,216.71.10.0
840,Helge,Fulham,hfulhamnb@hud.gov,Agender,115.108.83.2
841,Elisha,Rignold,erignoldnc@google.es,Non-binary,81.243.32.44
842,Way,Fuidge,wfuidgend@themeforest.net,Bigender,187.181.15.189
843,Barnard,Galton,bgaltonne@issuu.com,Polygender,90.152.243.240
844,Corry,Sparke,csparkenf@merriam-webster.com,Genderfluid,166.0.70.45
845,Bradney,Hurt,bhurtng@reference.com,Polygender,172.76.238.21
846,Tobey,Seemmonds,tseemmondsnh@senate.gov,Female,96.14.241.124
847,Ilaire,Kohrsen,ikohrsenni@patch.com,Bigender,148.244.68.3
848,Kristin,Panter,kpanternj@nhs.uk,Male,143.20.203.196
849,Debbi,Butteris,dbutterisnk@telegraph.co.uk,Agender,226.99.180.16
850,Florina,Fihelly,ffihellynl@vkontakte.ru,Male,71.49.188.28
851,Shannan,Balcombe,sbalcombenm@i2i.jp,Non-binary,197.185.22.202
852,Chloe,Farnsworth,cfarnsworthnn@hostgator.com,Genderqueer,185.237.190.30
853,Madlen,Daelman,mdaelmanno@typepad.com,Bigender,221.162.32.78
854,Gavra,Bernakiewicz,gbernakiewicznp@who.int,Genderqueer,110.119.30.204
855,Edvard,Jonsson,ejonssonnq@redcross.org,Female,56.91.144.252
856,Belia,Despenser,bdespensernr@nytimes.com,Bigender,211.3.88.204
857,Kathryn,Grinikhinov,kgrinikhinovns@virginia.edu,Genderfluid,122.13.252.75
858,Nester,McEachern,nmceachernnt@goo.ne.jp,Genderfluid,156.137.226.240
859,Orlan,Ramage,oramagenu@reddit.com,Male,16.208.48.172
860,Wyn,Innerstone,winnerstonenv@myspace.com,Genderfluid,147.181.36.221
861,Frederic,Whitehorn,fwhitehornnw@comcast.net,Genderqueer,244.114.111.135
862,Bertrando,Oxe,boxenx@netvibes.com,Non-binary,252.144.98.134
863,Celie,Cunrado,ccunradony@icq.com,Genderqueer,235.184.241.86
864,Bree,Pembry,bpembrynz@vistaprint.com,Genderqueer,79.3.231.237
865,Lotti,Hargey,lhargeyo0@angelfire.com,Male,251.3.42.27
866,Clarey,Shears,cshearso1@paginegialle.it,Female,84.141.249.90
867,Saleem,Adamthwaite,sadamthwaiteo2@discovery.com,Agender,219.11.135.63
868,Shari,Abbitt,sabbitto3@reverbnation.com,Genderqueer,121.195.253.52
869,Ricky,Scneider,rscneidero4@geocities.com,Female,48.0.153.40
870,Brad,Keetch,bkeetcho5@china.com.cn,Polygender,33.182.138.160
871,Ermengarde,Matches,ematcheso6@phoca.cz,Genderfluid,173.42.9.144
872,Oswald,Peltz,opeltzo7@auda.org.au,Genderfluid,167.26.139.29
873,Bradan,Rowes,broweso8@drupal.org,Genderqueer,40.61.147.160
874,Aloise,McClarence,amcclarenceo9@last.fm,Non-binary,92.193.170.243
875,Urson,Ovise,uoviseoa@flavors.me,Female,170.144.175.163
876,Holli,Daveren,hdaverenob@hao123.com,Genderqueer,220.140.105.27
877,Hobey,Mursell,hmurselloc@example.com,Female,53.77.25.53
878,Filip,Sear,fsearod@sitemeter.com,Non-binary,135.239.140.109
879,Madalena,Bilney,mbilneyoe@reverbnation.com,Female,111.49.127.194
880,Kincaid,Maltman,kmaltmanof@yellowpages.com,Non-binary,133.250.89.234
881,Talbot,Scotchford,tscotchfordog@senate.gov,Genderqueer,221.156.164.57
882,Guthrie,Pinar,gpinaroh@thetimes.co.uk,Non-binary,110.249.64.238
883,Paulo,Dodwell,pdodwelloi@cpanel.net,Polygender,119.54.35.50
884,Natala,Jacob,njacoboj@noaa.gov,Polygender,151.250.243.181
885,Alika,Hadwin,ahadwinok@redcross.org,Male,173.168.250.214
886,Cairistiona,Jessett,cjessettol@bravesites.com,Female,135.200.61.14
887,Alexandrina,Luciani,alucianiom@ning.com,Non-binary,219.175.115.195
888,Etan,Fitzjohn,efitzjohnon@yandex.ru,Non-binary,19.78.178.202
889,Danyelle,Georg,dgeorgoo@globo.com,Agender,211.147.83.1
890,Maximilian,Aysik,maysikop@storify.com,Genderqueer,248.225.192.241
891,Meridith,Cockshtt,mcockshttoq@ft.com,Genderfluid,204.55.34.108
892,Albie,Dearnly,adearnlyor@oracle.com,Non-binary,95.1.151.223
893,Olenka,Bratten,obrattenos@archive.org,Genderqueer,23.49.181.203
894,Olva,Lewson,olewsonot@cnbc.com,Genderqueer,231.198.18.191
895,Boony,Gianninotti,bgianninottiou@mediafire.com,Non-binary,77.217.22.84
896,Harlene,Nettleship,hnettleshipov@noaa.gov,Polygender,90.164.114.29
897,Perry,Van Arsdalen,pvanarsdalenow@cloudflare.com,Bigender,209.122.36.169
898,Arleen,Macilhench,amacilhenchox@about.me,Bigender,181.33.58.214
899,Willow,Iston,wistonoy@wired.com,Polygender,212.26.65.190
900,Standford,MacPaden,smacpadenoz@wunderground.com,Genderqueer,117.89.126.33
901,Jeannette,O'Cosgra,jocosgrap0@census.gov,Male,72.226.231.232
902,Rriocard,Corington,rcoringtonp1@fema.gov,Agender,223.87.81.198
903,Marion,Starkey,mstarkeyp2@diigo.com,Genderfluid,100.240.105.8
904,Abbott,Backshaw,abackshawp3@lycos.com,Male,232.27.180.221
905,Desirae,MacCafferky,dmaccafferkyp4@state.gov,Female,91.125.251.13
906,Allsun,Leworthy,aleworthyp5@pagesperso-orange.fr,Agender,50.152.114.15
907,Tam,Dagon,tdagonp6@unc.edu,Agender,205.225.224.234
908,Clayborn,Elcom,celcomp7@msn.com,Agender,83.103.153.152
909,Jessalyn,Schechter,jschechterp8@house.gov,Genderfluid,127.189.42.240
910,Lanni,Rowan,lrowanp9@flavors.me,Bigender,152.61.23.61
911,Elroy,MacArdle,emacardlepa@meetup.com,Genderqueer,18.107.57.69
912,Stevie,Flatte,sflattepb@netscape.com,Male,7.177.218.158
913,Penny,Brimble,pbrimblepc@upenn.edu,Bigender,130.73.163.224
914,Hussein,Oiller,hoillerpd@opera.com,Male,19.223.43.249
915,Bobby,Coneron,bconeronpe@smh.com.au,Agender,23.252.41.113
916,Frances,Cool,fcoolpf@loc.gov,Genderqueer,167.193.133.225
917,Crosby,Brisco,cbriscopg@privacy.gov.au,Agender,145.144.140.207
918,Kira,Petow,kpetowph@ucoz.ru,Agender,204.109.195.203
919,Erminie,Benedit,ebeneditpi@eepurl.com,Polygender,18.181.219.81
920,Ashla,Offield,aoffieldpj@sciencedirect.com,Genderqueer,122.129.119.34
921,Debbie,Jeanin,djeaninpk@eventbrite.com,Male,114.32.223.97
922,York,Joscelin,yjoscelinpl@nih.gov,Non-binary,218.252.166.243
923,Augusto,Leddy,aleddypm@yahoo.com,Polygender,19.233.167.7
924,Chaunce,Boeck,cboeckpn@istockphoto.com,Non-binary,72.69.132.72
925,Tanny,Berends,tberendspo@huffingtonpost.com,Genderqueer,178.120.252.23
926,Laurice,Simm,lsimmpp@dyndns.org,Agender,178.252.185.214
927,Lavena,Gritton,lgrittonpq@google.cn,Agender,113.36.63.4
928,Jorge,Iacivelli,jiacivellipr@zimbio.com,Agender,122.7.198.172
929,Kellie,Coulson,kcoulsonps@cyberchimps.com,Bigender,228.92.160.157
930,Vitoria,Lack,vlackpt@plala.or.jp,Male,254.110.213.95
931,Linnell,Champneys,lchampneyspu@wp.com,Non-binary,103.216.254.146
932,Delcine,Hatherall,dhatherallpv@yahoo.com,Genderfluid,75.242.71.15
933,Demetris,Borley,dborleypw@google.co.uk,Polygender,186.140.67.24
934,Lance,Banes,lbanespx@chron.com,Bigender,145.135.237.84
935,Stacie,Slowan,sslowanpy@wufoo.com,Polygender,230.163.103.219
936,Heda,Coning,hconingpz@lulu.com,Bigender,152.241.112.227
937,Datha,Queree,dquereeq0@foxnews.com,Agender,195.231.191.194
938,Merv,Scarisbrick,mscarisbrickq1@seesaa.net,Non-binary,19.216.186.149
939,Omar,Niave,oniaveq2@uiuc.edu,Non-binary,58.89.163.19
940,Helene,Bridle,hbridleq3@google.co.uk,Female,30.8.98.55
941,Morse,Rapaport,mrapaportq4@liveinternet.ru,Agender,14.168.1.148
942,Claudine,Redhole,credholeq5@weibo.com,Male,54.61.80.139
943,Nanny,Aucutt,naucuttq6@reddit.com,Bigender,66.175.113.190
944,Drusilla,McGriele,dmcgrieleq7@berkeley.edu,Female,82.68.169.201
945,Rawley,Du Hamel,rduhamelq8@ox.ac.uk,Agender,250.56.216.65
946,Mitzi,Priddey,mpriddeyq9@example.com,Female,178.81.63.80
947,Uri,Agney,uagneyqa@blog.com,Bigender,53.216.186.158
948,Carrie,Churchman,cchurchmanqb@posterous.com,Genderfluid,224.63.166.143
949,Ellie,Sulley,esulleyqc@ocn.ne.jp,Genderfluid,88.155.224.133
950,Dee,McMennum,dmcmennumqd@devhub.com,Bigender,8.225.187.247
951,Celia,Eburah,ceburahqe@springer.com,Genderfluid,13.8.80.10
952,Kamila,Gravey,kgraveyqf@dion.ne.jp,Genderfluid,172.128.192.211
953,Robinia,McVane,rmcvaneqg@hostgator.com,Polygender,117.7.205.217
954,Moyra,Romeuf,mromeufqh@sciencedaily.com,Genderqueer,10.150.152.8
955,Mina,Fowlestone,mfowlestoneqi@woothemes.com,Female,42.196.130.206
956,Zeke,Crippen,zcrippenqj@purevolume.com,Non-binary,55.143.93.160
957,Theodore,Swift,tswiftqk@bluehost.com,Male,171.4.185.126
958,Michaella,Sillito,msillitoql@home.pl,Non-binary,61.103.14.139
959,Sterling,Melrose,smelroseqm@technorati.com,Genderqueer,163.141.53.228
960,Alva,Rand,arandqn@quantcast.com,Male,229.145.59.99
961,Emmet,Izzett,eizzettqo@live.com,Agender,226.178.198.54
962,Waldo,Marusik,wmarusikqp@feedburner.com,Polygender,134.113.45.177
963,Bernadina,Klimus,bklimusqq@t-online.de,Non-binary,254.101.15.185
964,Florian,Hutsby,fhutsbyqr@cnet.com,Polygender,102.102.118.227
965,Smitty,Rowlinson,srowlinsonqs@bandcamp.com,Non-binary,246.220.54.69
966,Hermina,Duchan,hduchanqt@surveymonkey.com,Male,14.171.223.44
967,Carry,Udell,cudellqu@pinterest.com,Genderfluid,172.230.249.37
968,Tabor,Challin,tchallinqv@ihg.com,Genderqueer,92.0.163.208
969,Annnora,Zannetti,azannettiqw@devhub.com,Male,221.96.33.101
970,Dilly,Buten,dbutenqx@instagram.com,Non-binary,92.34.31.184
971,Gibby,Clendennen,gclendennenqy@oakley.com,Bigender,104.68.185.13
972,Dillie,Lillo,dlilloqz@yellowpages.com,Genderqueer,184.89.50.4
973,Culver,Oliffe,coliffer0@nih.gov,Genderqueer,203.225.247.166
974,Berne,Wager,bwagerr1@mashable.com,Genderfluid,61.248.29.182
975,Yoshiko,Hendonson,yhendonsonr2@live.com,Bigender,108.144.111.147
976,Kaycee,Billington,kbillingtonr3@ucoz.ru,Genderfluid,178.150.109.142
977,Maddi,Gertz,mgertzr4@behance.net,Genderfluid,20.143.121.228
978,Rolph,Ebden,rebdenr5@intel.com,Polygender,137.24.227.246
979,Alla,Easom,aeasomr6@msn.com,Non-binary,216.229.182.70
980,Britt,Harrinson,bharrinsonr7@dailymotion.com,Non-binary,228.183.206.244
981,Keary,Storcke,kstorcker8@ycombinator.com,Male,85.19.209.90
982,Peyter,Hennemann,phennemannr9@unblog.fr,Agender,148.250.216.107
983,Wain,Antonucci,wantonuccira@alibaba.com,Male,248.114.137.229
984,Vonnie,Fraine,vfrainerb@woothemes.com,Male,111.168.44.80
985,Ian,Foro,ifororc@instagram.com,Genderqueer,150.144.205.180
986,Rasia,Feaver,rfeaverrd@wired.com,Non-binary,255.254.102.211
987,Randy,France,rfrancere@flickr.com,Non-binary,213.178.145.153
988,Eleonore,Kliche,eklicherf@ovh.net,Agender,232.187.225.8
989,Janean,Pomroy,jpomroyrg@java.com,Polygender,192.114.200.231
990,Kristopher,Standish,kstandishrh@globo.com,Female,83.31.47.212
991,Elvis,Pratte,epratteri@diigo.com,Polygender,157.111.221.17
992,Erin,Speariett,espeariettrj@latimes.com,Genderqueer,240.54.58.244
993,Gale,Pankettman,gpankettmanrk@cnet.com,Polygender,118.167.105.215
994,Cosmo,Kuhnert,ckuhnertrl@bing.com,Polygender,93.231.162.226
995,Morena,Caws,mcawsrm@examiner.com,Agender,2.198.137.63
996,Mariam,Devil,mdevilrn@spotify.com,Genderqueer,118.120.13.165
997,Clotilda,Sixsmith,csixsmithro@opera.com,Male,218.31.254.61
998,Dallon,Vane,dvanerp@wiley.com,Female,199.128.139.25
999,Mahalia,Edgell,medgellrq@bizjournals.com,Genderfluid,163.87.186.155
1000,Creighton,Shwalbe,cshwalberr@dedecms.com,Agender,17.38.209.31
